{
  "accuracy": 76.66666666666667,
  "precision": 66.66666666666666,
  "recall": 44.44444444444444,
  "f1": 53.333333333333336,
  "roc_auc": 76.19047619047619,
  "confusion_matrix": {
    "tn_pct": 90.47619047619048,
    "fp_pct": 9.523809523809524,
    "fn_pct": 55.55555555555556,
    "tp_pct": 44.44444444444444
  }
}