{
  "accuracy": 50.0,
  "precision": 31.25,
  "recall": 55.55555555555556,
  "f1": 40.0,
  "roc_auc": 57.67195767195767,
  "confusion_matrix": {
    "tn_pct": 47.61904761904761,
    "fp_pct": 52.38095238095239,
    "fn_pct": 44.44444444444444,
    "tp_pct": 55.55555555555556
  }
}